﻿Designator,Quantity,Value,Footprint,Package,MPN,DNP,Mount_Type,Voltage Rating,Manufacturer,Mounting Type,Description,Power,MAXIMUM_PACKAGE_HEIGHT,STANDARD
"C1, C2",2,1u,C_0402_1005Metric,0402,GRM155Z71A105KE01J,,smt,10V,Murata Electronics,smt,,,,
J1,1,MOLEX_SlimStack_505551-1020,MOLEX_SlimStack_505551-1020,,5055511020,,smt,,Molex,smt,Molex SlimStack 02x03,,,
"R1, R2, R3",3,10k,R_0402_1005Metric,0402,RC0402FR-0710KP,,smt,,YAGEO,smt,,1/16W,,
SW1,1,ReedSW_NO,COMUS_RI80SMDM0510J1,,RI80SMDM-0510-J1,,smt,,Comus,smt,Single Pole Single Throw (SPST) reed switch normally open,,,
U1,1,OPT3002DNPR,TI_6USON_DNP,6USON,OPT3002DNPR,,smt,,Texas Instruments,smt,Light to Digital Sensor,,,
U2,1,HDC2010YPAR,TI_6DSBGA_YPA,6DSBGA,HDC2010YPAR,,smt,,Texas Instruments,smt,Low-Power Humidity and Temperature Digital Sensors,,0.675 mm,IPC 7351B
