﻿pos_x,pos_y,rotation,side,designator,mpn,pack,footprint,value,mount_type
9.0,-9.0,180.0,bottom,C1,GRM155Z71A105KE01J,0402,C_0402_1005Metric,1u,smt
9.0,-7.8,180.0,bottom,C2,GRM155Z71A105KE01J,0402,C_0402_1005Metric,1u,smt
5.2,-5.8,90.0,bottom,J1,5055511020,,MOLEX_SlimStack_505551-1020,MOLEX_SlimStack_505551-1020,smt
9.0,-6.6,180.0,bottom,R1,RC0402FR-0710KP,0402,R_0402_1005Metric,10k,smt
9.0,-5.4,180.0,bottom,R2,RC0402FR-0710KP,0402,R_0402_1005Metric,10k,smt
9.01,-4.2,0.0,bottom,R3,RC0402FR-0710KP,0402,R_0402_1005Metric,10k,smt
6.25,-2.0,180.0,top,SW1,RI80SMDM-0510-J1,,COMUS_RI80SMDM0510J1,ReedSW_NO,smt
9.8,-6.1,-90.0,top,U1,OPT3002DNPR,6USON,TI_6USON_DNP,OPT3002DNPR,smt
10.06,-8.8,90.0,top,U2,HDC2010YPAR,6DSBGA,TI_6DSBGA_YPA,HDC2010YPAR,smt
