﻿pos_x,pos_y,rotation,side,designator,mpn,pack,footprint,value,mount_type
0.3,-23.35,90.0,bottom,C1,GRM188Z71A475ME15D,0603,C_0603_1608Metric,4.7u,smt
-9.0,-15.45,90.0,bottom,C2,GRM155Z71A105KE01J,0402,C_0402_1005Metric,1u,smt
-6.1,-20.95,90.0,bottom,C3,GRM155R71C103KA01D,0402,C_0402_1005Metric,10n,smt
-8.9,-23.85,-90.0,bottom,C4,GRM155Z71A105KE01J,0402,C_0402_1005Metric,1u,smt
0.3,-20.25,-90.0,bottom,C5,GRM188Z71A475ME15D,0603,C_0603_1608Metric,4.7u,smt
0.2,-12.95,90.0,bottom,C6,GRM21BZ71A226ME15L,0805,C_0805_2012Metric,22u,smt
-9.0,-12.95,90.0,bottom,C7,GRM155R71C103KA01D,0402,C_0402_1005Metric,10n,smt
-4.8,-27.0,180.0,bottom,C8,GRM155Z71A105KE01J,0402,C_0402_1005Metric,1u,smt
-3.15,-27.0,0.0,top,Cb1,EDC474Z5R5H,,EATON_KR5R5H474R,470m,tht
-4.2,-5.8,90.0,bottom,J1,5055501020,,MOLEX_SlimStack_505550-1020,MOLEX_SlimStack_505550-1020,smt
4.2,-27.0,0.0,top,J2,801-83-002-20-001101,,PD_801-83-002-20-001101,Conn_01x02_Pin,tht
-2.9,-22.75,0.0,bottom,L1,NRS4012T220MDGJ,,TY_Inductor_NRS4012,22u,smt
-0.2,-16.75,90.0,bottom,L2,DFE252012F-100M=P2,1008,L_1008_2520Metric,10u,smt
-7.9,-17.45,-90.0,bottom,R1,RC0402FR-133KL,0402,R_0402_1005Metric,3k,smt
-7.6,-23.85,90.0,bottom,R2,RC0402FR-07620KL,0402,R_0402_1005Metric,620k,smt
-6.1,-23.85,90.0,bottom,R3,RC0402FR-07120KL,0402,R_0402_1005Metric,120k,smt
-7.9,-15.45,90.0,bottom,R4,RC0402FR-07120KL,0402,R_0402_1005Metric,120k,smt
-3.5,-12.95,90.0,bottom,ROK1,RC0402FR-074M7L,0402,R_0402_1005Metric,4.7M,smt
-4.6,-12.95,-90.0,bottom,ROK2,RC0402FR-075M1L,0402,R_0402_1005Metric,5.1M,smt
-5.7,-12.95,-90.0,bottom,ROK3,RC0402FR-073ML,0402,R_0402_1005Metric,3.0M,smt
-1.3,-12.95,90.0,bottom,ROUT1,RC0402FR-076M49L,0402,R_0402_1005Metric,6.49M,smt
-2.4,-12.95,-90.0,bottom,ROUT2,RC0402FR-076M49L,0402,R_0402_1005Metric,6.49M,smt
-7.9,-12.95,-90.0,bottom,ROV1,RC0402FR-074M22L,0402,R_0402_1005Metric,4.22M,smt
-6.8,-12.95,90.0,bottom,ROV2,RC0402FR-078M2L,0402,R_0402_1005Metric,8.2M,smt
5.7,-13.5,90.0,bottom,SC1,KXOB25-03X4F-TR,,ANYSOLAR_KXOB25,Solar_Cell,smt
0.0,-10.52,0.0,top,U1,XIAO-NRF54L15,,XIAO-NRF54L15-DIP,XIAO-NRF54L15,smt
-8.2,-19.95,-90.0,bottom,U2,BQ25173DSGR,8WSON,TI_8WSON_DSG,BQ25173DSG,smt
-4.2,-17.65,90.0,bottom,U3,BQ25570RGRR,20VQFN,TI_20VQFN_RGR,BQ25570,smt
-4.8,-29.0,90.0,bottom,U4,74AXP1T34GWH,,NX_5SOT353,AXP1T34,smt
