﻿Designator,Quantity,Value,Footprint,Package,MPN,DNP,Mount_Type,Voltage Rating,Manufacturer,Mounting Type,Description,ESR,Power
"C1, C5",2,4.7u,C_0603_1608Metric,0603,GRM188Z71A475ME15D,,smt,10V,Murata Electronics,smt,,,
"C2, C4, C8",3,1u,C_0402_1005Metric,0402,GRM155Z71A105KE01J,,smt,10V,Murata Electronics,smt,,,
"C3, C7",2,10n,C_0402_1005Metric,0402,GRM155R71C103KA01D,,smt,16V,Murata Electronics,smt,,,
C6,1,22u,C_0805_2012Metric,0805,GRM21BZ71A226ME15L,,smt,10V,Murata Electronics,smt,,,
Cb1,1,470m,EATON_KR5R5H474R,,EDC474Z5R5H,,tht,5.5V,Cornell Dubilier Knowles,tht,Capacitor 470mF through-hole,,
J1,1,MOLEX_SlimStack_505550-1020,MOLEX_SlimStack_505550-1020,,5055501020,,smt,,Molex,smt,Molex SlimStack 02x03,,
J2,1,Conn_01x02_Pin,PD_801-83-002-20-001101,,801-83-002-20-001101,,tht,,Preci-Dip,tht,Right angle 2.54mm connector,,
L1,1,22u,TY_Inductor_NRS4012,,NRS4012T220MDGJ,,smt,,Taiyo Yuden,smt,Inductor 22u NRS4012,480m,
L2,1,10u,L_1008_2520Metric,1008,DFE252012F-100M=P2,,smt,,Murata Electronics,smt,Inductor 10u,480m,
R1,1,3k,R_0402_1005Metric,0402,RC0402FR-133KL,,smt,,YAGEO,smt,,,1/16W
R2,1,620k,R_0402_1005Metric,0402,RC0402FR-07620KL,,smt,,YAGEO,smt,,,1/16W
"R3, R4",2,120k,R_0402_1005Metric,0402,RC0402FR-07120KL,,smt,,YAGEO,smt,,,1/16W
ROK1,1,4.7M,R_0402_1005Metric,0402,RC0402FR-074M7L,,smt,,YAGEO,smt,,,1/16W
ROK2,1,5.1M,R_0402_1005Metric,0402,RC0402FR-075M1L,,smt,,YAGEO,smt,,,1/16W
ROK3,1,3.0M,R_0402_1005Metric,0402,RC0402FR-073ML,,smt,,YAGEO,smt,,,1/16W
"ROUT1, ROUT2",2,6.49M,R_0402_1005Metric,0402,RC0402FR-076M49L,,smt,,YAGEO,smt,,,1/16W
ROV1,1,4.22M,R_0402_1005Metric,0402,RC0402FR-074M22L,,smt,,YAGEO,smt,,,1/16W
ROV2,1,8.2M,R_0402_1005Metric,0402,RC0402FR-078M2L,,smt,,YAGEO,smt,,,1/16W
SC1,1,Solar_Cell,ANYSOLAR_KXOB25,,KXOB25-03X4F-TR,,smt,,ANYSOLAR Ltd,smt,Single solar cell,,
U1,1,XIAO-NRF54L15,XIAO-NRF54L15-DIP,,XIAO-NRF54L15,,smt,,Seeed Studio,smt,XIAO NRF54L15,,
U2,1,BQ25173DSG,TI_8WSON_DSG,8WSON,BQ25173DSGR,,smt,,Texas Instruments,smt,"800-mA Linear Charger for 1- to 4-Cell Supercapacitor, input 3 to 18v, WSON-8",,
U3,1,BQ25570,TI_20VQFN_RGR,20VQFN,BQ25570RGRR,,smt,,Texas Instruments,smt,"Nano Power Boost Charger and Buck Converter for Energy Harvester Powered Applications, QFN-20",,
U4,1,AXP1T34,NX_5SOT353,,74AXP1T34GWH,,smt,,Nexperia USA Inc.,smt,Dual supply unidirectional translating buffer,,
